{
    "struct": {
        "symbols": [
            "Fe",
            "Fe",
            "Se",
            "Se"
        ],
        "cell": [
            [
                3.7724,
                0.0,
                2.3099287925517376e-16
            ],
            [
                6.066481883640144e-16,
                3.7724,
                2.3099287925517376e-16
            ],
            [
                0.0,
                0.0,
                5.5217
            ]
        ],
        "scaled_positions": [
            [
                0.5,
                0.5,
                0.0
            ],
            [
                0.0,
                0.0,
                0.0
            ],
            [
                0.0,
                0.5,
                0.2673
            ],
            [
                0.5,
                0.0,
                0.7326999999999999
            ]
        ]
    },
    "gchoice": {
        "unit": "ev",
        "spin_order": -1,
        "ispin": 1,
        "orbital_polarization": 1,
        "iso": 1,
        "u_matrix_type": 1,
        "dc_mode": 1,
        "idx_equivalent_atoms": [
            0,
            0,
            2,
            2
        ],
        "unique_cor_symbol_list": [
            "Fe"
        ],
        "unique_u_list": [
            5.0
        ],
        "unique_j_list": [
            0.8
        ],
        "unique_fs_list": [
            [
                5.0,
                6.892307692307693,
                4.307692307692308,
                0.0
            ]
        ],
        "unique_cor_orb_list": [
            "d"
        ],
        "unique_nelf_list": [
            [
                3.0,
                3.0
            ]
        ],
        "giembeddiag": -2
    }
}